{"cameraMode":{"drawMode":0,"name":"Shaded","section":"Shading Mode"},"sceneLighting":true,"audioPlay":false,"sceneViewState":{"m_AlwaysRefresh":false,"showFog":true,"showSkybox":true,"showFlares":true,"showImageEffects":true,"showParticleSystems":true,"showVisualEffectGraphs":true,"m_FxEnabled":true},"in2DMode":false,"pivot":{"x":498.8052978515625,"y":5.853787422180176,"z":12.26322078704834},"rotation":{"x":0.15064969658851624,"y":-0.05927746742963791,"z":0.009049871936440468,"w":0.9867678284645081},"size":9.382381439208985,"orthographic":false}