{"cameraMode":{"drawMode":0,"name":"Shaded","section":"Shading Mode"},"sceneLighting":true,"audioPlay":false,"sceneViewState":{"m_AlwaysRefresh":false,"showFog":true,"showSkybox":true,"showFlares":true,"showImageEffects":true,"showParticleSystems":true,"showVisualEffectGraphs":true,"m_FxEnabled":true},"in2DMode":false,"pivot":{"x":496.5865478515625,"y":4.556699275970459,"z":-10.104737281799317},"rotation":{"x":-0.07614605128765106,"y":0.0851466953754425,"z":0.006532126106321812,"w":0.9934395551681519},"size":0.005271113943308592,"orthographic":false}