{"cameraMode":{"drawMode":0,"name":"Shaded","section":"Shading Mode"},"sceneLighting":true,"audioPlay":false,"sceneViewState":{"m_AlwaysRefresh":false,"showFog":true,"showSkybox":true,"showFlares":true,"showImageEffects":true,"showParticleSystems":true,"showVisualEffectGraphs":true,"m_FxEnabled":true},"in2DMode":false,"pivot":{"x":-88.9680404663086,"y":-107.67951965332031,"z":-100.36412048339844},"rotation":{"x":0.06682775169610977,"y":0.8748542666435242,"z":-0.12631972134113313,"w":0.46283820271492007},"size":27.654708862304689,"orthographic":false}