{"cameraMode":{"drawMode":0,"name":"Shaded","section":"Shading Mode"},"sceneLighting":true,"audioPlay":false,"sceneViewState":{"m_AlwaysRefresh":false,"showFog":true,"showSkybox":true,"showFlares":true,"showImageEffects":true,"showParticleSystems":true,"showVisualEffectGraphs":true,"m_FxEnabled":true},"in2DMode":false,"pivot":{"x":606.725341796875,"y":746.1170654296875,"z":-20.9608154296875},"rotation":{"x":0.008995394222438336,"y":0.03149363026022911,"z":-0.0002834291954059154,"w":0.9994651675224304},"size":416.53851318359377,"orthographic":true}