{"cameraMode":{"drawMode":0,"name":"Shaded","section":"Shading Mode"},"sceneLighting":true,"audioPlay":false,"sceneViewState":{"m_AlwaysRefresh":false,"showFog":true,"showSkybox":true,"showFlares":true,"showImageEffects":true,"showParticleSystems":true,"showVisualEffectGraphs":true,"m_FxEnabled":true},"in2DMode":false,"pivot":{"x":-485.29522705078127,"y":-526.0435180664063,"z":194.80136108398438},"rotation":{"x":0.17319273948669434,"y":-0.43992429971694949,"z":0.08688937872648239,"w":0.8768817186355591},"size":334.08502197265627,"orthographic":false}