{"cameraMode":{"drawMode":0,"name":"Shaded","section":"Shading Mode"},"sceneLighting":true,"audioPlay":false,"sceneViewState":{"m_AlwaysRefresh":false,"showFog":true,"showSkybox":true,"showFlares":true,"showImageEffects":true,"showParticleSystems":true,"showVisualEffectGraphs":true,"m_FxEnabled":true},"in2DMode":false,"pivot":{"x":9.214475631713868,"y":14.222189903259278,"z":-21.16056251525879},"rotation":{"x":-0.1345367580652237,"y":0.14862802624702454,"z":-0.020421791821718217,"w":-0.9794949293136597},"size":0.005354445427656174,"orthographic":false}