{"cameraMode":{"drawMode":0,"name":"Shaded","section":"Shading Mode"},"sceneLighting":false,"audioPlay":false,"sceneViewState":{"m_AlwaysRefresh":false,"showFog":true,"showSkybox":false,"showFlares":true,"showImageEffects":true,"showParticleSystems":true,"showVisualEffectGraphs":true,"m_FxEnabled":true},"in2DMode":false,"pivot":{"x":5.857517719268799,"y":0.1088695228099823,"z":0.9767935872077942},"rotation":{"x":0.17661966383457185,"y":-0.5824600458145142,"z":0.13147318363189698,"w":0.7824711799621582},"size":0.7704067230224609,"orthographic":false}